business_id,name,address,city,state,postal_code,latitude,longitude,stars,review_count,is_open,attributes,categories,hours
5XelZjHymGydI5qKE8BOrA,Yellow Garage Antiques,66 S Main St,Mullica Hill,NJ,08062,39.730892,-75.2245237,4.5,7,1,,"Antiques, Shopping","{'Wednesday': '11:0-17:0', 'Thursday': '11:0-17:0', 'Friday': '11:0-17:0', 'Saturday': '11:0-17:0', 'Sunday': '11:0-17:0'}"
XNWVT7tR7yAzCyf0VQ-ijA,Groove Room Studios,3668A Central Pike,Nashville,TN,37076,36.181686,-86.624583,4.5,10,1,"{'GoodForKids': 'True', 'BusinessParking': ""{'garage': False, 'street': False, 'validated': False, 'lot': False, 'valet': False}"", 'BikeParking': 'True', 'BusinessAcceptsCreditCards': 'True', 'WheelchairAccessible': 'True', 'ByAppointmentOnly': 'False'}","Fitness & Instruction, Yoga, Dance Studios, Active Life","{'Monday': '16:15-19:30', 'Tuesday': '17:15-19:30', 'Wednesday': '17:15-19:30', 'Thursday': '17:15-19:30', 'Friday': '8:15-9:30', 'Saturday': '8:45-11:30', 'Sunday': '16:15-18:30'}"
Tuzyf8Z-R_i661AeJAc9QQ,Indigo Point,1850 Providence Lakes Blvd,Brandon,FL,33511,27.9112563,-82.315876,2.0,5,1,{'ByAppointmentOnly': 'False'},"Apartments, Home Services, Real Estate","{'Monday': '9:0-18:0', 'Tuesday': '9:0-18:0', 'Wednesday': '9:0-18:0', 'Thursday': '9:0-18:0', 'Friday': '9:0-18:0', 'Saturday': '10:0-17:0', 'Sunday': '13:0-17:0'}"
kLSEk3qXY1KdtFjxHJ9pww,McDonald's,501 Franklin Mill Cir,Philadelphia,PA,19154,40.0884161,-74.9650112,1.5,20,1,"{'BusinessAcceptsCreditCards': 'True', 'RestaurantsGoodForGroups': 'True', 'RestaurantsAttire': ""'casual'"", 'RestaurantsPriceRange2': '1', 'GoodForKids': 'True', 'OutdoorSeating': 'False', 'RestaurantsReservations': 'False', 'Ambience': ""{'touristy': False, 'hipster': False, 'romantic': False, 'divey': False, 'intimate': False, 'trendy': False, 'upscale': False, 'classy': False, 'casual': False}"", 'BusinessParking': ""{'garage': False, 'street': False, 'validated': False, 'lot': False, 'valet': False}"", 'HasTV': 'True', 'DriveThru': 'True', 'RestaurantsTakeOut': 'True', 'BikeParking': 'False', 'GoodForMeal': ""{'dessert': False, 'latenight': False, 'lunch': False, 'dinner': False, 'brunch': False, 'breakfast': False}"", 'RestaurantsDelivery': 'True'}","Restaurants, Fast Food, Food, Coffee & Tea, Burgers","{'Monday': '5:30-0:0', 'Tuesday': '5:30-0:0', 'Wednesday': '5:30-0:0', 'Thursday': '5:30-0:0', 'Friday': '5:30-1:0', 'Saturday': '5:30-1:0', 'Sunday': '7:0-23:0'}"
HPpKVvBT-2EeWNdy9cIjqA,Bus Depot Discount VW Parts,4801 Gravel Pike,Perkiomenville,PA,18074,40.3263279,-75.4768237,1.5,20,1,{'BusinessAcceptsCreditCards': 'True'},"Auto Parts & Supplies, Automotive","{'Monday': '10:0-19:0', 'Tuesday': '10:0-19:0', 'Wednesday': '10:0-19:0', 'Thursday': '10:0-19:0', 'Friday': '10:0-19:0'}"
zjQDk4tZyhEroyqtkgvx0g,The Cobblestone Eatery and Drinkery,115 W St Louis St,Lebanon,IL,62254,38.6041071,-89.8085329,3.5,52,1,"{'RestaurantsDelivery': 'False', 'BestNights': ""{'monday': False, 'tuesday': False, 'friday': False, 'wednesday': False, 'thursday': False, 'sunday': False, 'saturday': False}"", 'Music': ""{'dj': False, 'background_music': False, 'no_music': False, 'jukebox': False, 'live': False, 'video': False, 'karaoke': False}"", 'WiFi': ""u'free'"", 'BikeParking': 'False', 'Caters': 'False', 'OutdoorSeating': 'True', 'RestaurantsReservations': 'False', 'ByAppointmentOnly': 'False', 'GoodForDancing': 'False', 'Alcohol': ""u'full_bar'"", 'DogsAllowed': 'False', 'RestaurantsGoodForGroups': 'True', 'HasTV': 'True', 'RestaurantsPriceRange2': '2', 'WheelchairAccessible': 'True', 'NoiseLevel': ""u'average'"", 'CoatCheck': 'False', 'GoodForKids': 'True', 'HappyHour': 'True', 'Smoking': ""u'outdoor'"", 'RestaurantsTableService': 'True', 'BusinessAcceptsCreditCards': 'True', 'RestaurantsTakeOut': 'True', 'BusinessParking': ""{'garage': False, 'street': True, 'validated': False, 'lot': False, 'valet': False}"", 'GoodForMeal': ""{u'breakfast': None, u'brunch': None, u'lunch': None, u'dinner': True, u'latenight': None, u'dessert': None}"", 'BusinessAcceptsBitcoin': 'False', 'Ambience': ""{u'divey': None, u'hipster': False, u'casual': True, u'touristy': False, u'trendy': None, u'intimate': None, u'romantic': False, u'classy': None, u'upscale': None}""}","American (Traditional), Nightlife, Breakfast & Brunch, Event Planning & Services, Venues & Event Spaces, Italian, Bars, Restaurants","{'Monday': '11:0-2:0', 'Tuesday': '11:0-2:0', 'Wednesday': '11:0-2:0', 'Thursday': '11:0-2:0', 'Friday': '11:0-2:0', 'Saturday': '11:0-2:0', 'Sunday': '11:0-2:0'}"
zaaX5EzJDNxhzIFywyxYKg,Wesley Chapel Florist,"2653 Bruce B Downs, Ste 108",Wesley Chapel,FL,33544,28.1948998,-82.3542155,2.5,6,0,"{'BusinessAcceptsCreditCards': 'True', 'BikeParking': 'True', 'BusinessParking': ""{'garage': False, 'street': False, 'validated': False, 'lot': False, 'valet': False}"", 'RestaurantsDelivery': 'True', 'RestaurantsPriceRange2': '4', 'ByAppointmentOnly': 'False'}","Florists, Shopping, Flowers & Gifts","{'Monday': '9:0-16:0', 'Tuesday': '9:0-16:0', 'Wednesday': '9:0-16:0', 'Thursday': '9:0-16:0', 'Friday': '9:0-16:0', 'Saturday': '10:0-12:0'}"
NNcqCDV6PHhDmKY8fO6S9g,Reeder's Auto Tint & Ceramic Coatings,"13355 Belcher Rd S, Ste 201",Largo,FL,33773,27.8928435529,-82.7453122398,4.5,27,1,"{'WiFi': ""u'free'"", 'ByAppointmentOnly': 'True', 'BusinessAcceptsCreditCards': 'True'}","Home Window Tinting, Car Window Tinting, Auto Detailing, Automotive, Vehicle Wraps, Home Services, Auto Glass Services, Auto Parts & Supplies","{'Monday': '8:0-17:0', 'Tuesday': '8:0-17:0', 'Wednesday': '8:0-17:0', 'Thursday': '8:0-17:0', 'Friday': '8:0-17:0'}"
LvFmVnPSbi0lmgpcK_qw-Q,Foot Locker,1519 Chestnut Street,Philadelphia,PA,19102,39.9514625,-75.1662577,2.0,12,1,"{'RestaurantsPriceRange2': '3', 'BusinessAcceptsCreditCards': 'True', 'BikeParking': 'True', 'BusinessParking': ""{'garage': None, 'street': True, 'validated': None, 'lot': None, 'valet': False}""}","Fashion, Men's Clothing, Shopping, Shoe Stores, Sporting Goods, Sports Wear",
Y6t4pnKm5LF8y5ChHA27ow,Meineke Car Care Center,2632 Land O Lakes Blvd,Land O Lakes,FL,34639,28.1961683557,-82.464425454,4.5,27,1,{'BusinessAcceptsCreditCards': 'True'},"Auto Repair, Automotive, Tires, Oil Change Stations","{'Monday': '0:0-0:0', 'Tuesday': '7:30-18:0', 'Wednesday': '7:30-18:0', 'Thursday': '7:30-18:0', 'Friday': '7:30-18:0', 'Saturday': '7:30-16:0'}"
q2N2KLhAeD0c0p-ryI3uDg,HotBox Pizza,124 E Northfield Dr,Brownsburg,IN,46112,39.85806,-86.390022,3.5,14,1,{'RestaurantsReservations': 'False'},"Pizza, Food, Food Delivery Services, Salad, Restaurants, Gluten-Free","{'Monday': '11:0-22:0', 'Tuesday': '11:0-22:0', 'Wednesday': '11:0-22:0', 'Thursday': '11:0-22:0', 'Friday': '11:0-23:0', 'Saturday': '11:0-23:0', 'Sunday': '16:0-21:0'}"
-4dYswJy7SPcbcERvitmIg,Pathmark,3021 Grays Ferry Ave,Philadelphia,PA,19146,39.9404026,-75.1932966,2.5,34,0,"{'RestaurantsPriceRange2': '2', 'BusinessParking': ""{'garage': False, 'street': False, 'validated': False, 'lot': True, 'valet': False}"", 'BusinessAcceptsCreditCards': 'True', 'BikeParking': 'True'}","Food, Grocery","{'Monday': '6:0-1:0', 'Tuesday': '6:0-1:0', 'Wednesday': '6:0-1:0', 'Thursday': '6:0-1:0', 'Friday': '6:0-1:0', 'Saturday': '6:0-1:0', 'Sunday': '6:0-1:0'}"
HCbJPXWXvwN-C7XfmVy3gA,Granite City Food & Brewery,"49 W Maryland St, Ste B03A",Indianapolis,IN,46204,39.7664200969,-86.1592453161,3.5,258,0,"{'RestaurantsGoodForGroups': 'True', 'Ambience': ""{'romantic': False, 'intimate': False, 'touristy': False, 'hipster': False, 'divey': False, 'classy': False, 'trendy': False, 'upscale': False, 'casual': True}"", 'HasTV': 'True', 'BusinessAcceptsCreditCards': 'True', 'BusinessParking': ""{'garage': True, 'street': True, 'validated': False, 'lot': False, 'valet': False}"", 'RestaurantsTakeOut': 'True', 'GoodForKids': 'True', 'Caters': 'True', 'OutdoorSeating': 'True', 'RestaurantsAttire': ""u'casual'"", 'Alcohol': ""u'full_bar'"", 'NoiseLevel': ""u'average'"", 'RestaurantsReservations': 'True', 'BikeParking': 'True', 'RestaurantsPriceRange2': '2', 'RestaurantsDelivery': 'None', 'HappyHour': 'True', 'WiFi': ""u'free'"", 'GoodForMeal': ""{'dessert': False, 'latenight': False, 'lunch': True, 'dinner': True, 'brunch': False, 'breakfast': False}""}","Desserts, Breweries, Breakfast & Brunch, Restaurants, Barbeque, American (New), Food, American (Traditional)","{'Monday': '11:0-18:0', 'Tuesday': '11:0-0:0', 'Wednesday': '11:0-0:0', 'Thursday': '11:0-0:0', 'Friday': '11:0-0:0', 'Saturday': '11:0-1:0', 'Sunday': '8:0-21:0'}"
pYscac0LOY0UTu6zuC4VAA,Midas,333 W Valencia Rd,Tucson,AZ,85706,32.1335999945,-110.9745180774,2.5,14,1,{'BusinessAcceptsCreditCards': 'True'},"Auto Repair, Automotive, Oil Change Stations, Tires","{'Monday': '7:30-18:0', 'Tuesday': '7:30-18:0', 'Wednesday': '7:30-18:0', 'Thursday': '7:30-18:0', 'Friday': '7:30-18:0', 'Saturday': '7:30-18:0'}"
I2CxrvM0BGH1svfxqGGD2g,M.L.Rose Craft Beer & Burgers - Melrose,"2535 8th Ave S, Ste 107",Nashville,TN,37204,36.1226231735,-86.7761365195,3.5,472,1,"{'RestaurantsAttire': ""u'casual'"", 'OutdoorSeating': 'True', 'RestaurantsPriceRange2': '2', 'RestaurantsGoodForGroups': 'True', 'RestaurantsTakeOut': 'True', 'BusinessParking': ""{'garage': True, 'street': False, 'validated': False, 'lot': True, 'valet': False}"", 'Alcohol': ""u'full_bar'"", 'BusinessAcceptsCreditCards': 'True', 'Caters': 'False', 'HasTV': 'True', 'GoodForKids': 'False', 'RestaurantsReservations': 'False', 'WiFi': ""u'free'"", 'BikeParking': 'True', 'GoodForDancing': 'False', 'BusinessAcceptsBitcoin': 'False', 'BestNights': ""{'monday': False, 'tuesday': True, 'friday': True, 'wednesday': False, 'thursday': True, 'sunday': False, 'saturday': False}"", 'RestaurantsTableService': 'True', 'DogsAllowed': 'False', 'Smoking': ""u'no'"", 'RestaurantsDelivery': 'False', 'Corkage': 'False', 'Music': ""{'dj': False, 'background_music': False, 'no_music': False, 'jukebox': None, 'live': False, 'video': False, 'karaoke': False}"", 'NoiseLevel': ""u'average'"", 'HappyHour': 'True', 'DriveThru': 'False', 'CoatCheck': 'False', 'BYOB': 'False', 'Ambience': ""{'touristy': False, 'hipster': False, 'romantic': False, 'divey': False, 'intimate': False, 'trendy': False, 'upscale': False, 'classy': True, 'casual': True}"", 'WheelchairAccessible': 'True', 'GoodForMeal': ""{'dessert': False, 'latenight': True, 'lunch': True, 'dinner': True, 'brunch': None, 'breakfast': False}""}","Automotive, Restaurants, Sandwiches, Bars, Nightlife, Pubs, American (Traditional), Burgers, Beer Bar, Sports Bars, Breakfast & Brunch","{'Monday': '11:0-22:0', 'Tuesday': '11:0-22:0', 'Wednesday': '11:0-22:0', 'Thursday': '11:0-0:0', 'Friday': '12:0-21:0', 'Saturday': '10:0-0:0', 'Sunday': '10:0-22:0'}"
Unf5cncllS4V_CKQmp2V9Q,Advance Auto Parts,13015 Seminole Blvd,Largo,FL,33778,27.891747588,-82.7864744514,4.0,9,1,"{'BusinessAcceptsCreditCards': 'True', 'RestaurantsDelivery': 'False', 'RestaurantsTakeOut': 'True'}","Auto Parts & Supplies, Automotive","{'Monday': '7:30-21:0', 'Tuesday': '7:30-21:0', 'Wednesday': '7:30-21:0', 'Thursday': '7:30-21:0', 'Friday': '7:30-21:0', 'Saturday': '7:30-21:0', 'Sunday': '9:0-20:0'}"
gYMOrd8xnZF-B61lwGiFUw,Inkorporated,,Brownsburg,IN,46112,39.8433769,-86.3977735,4.0,6,1,,"Beauty & Spas, Piercing, Tattoo",
4uqRhXZTOzKF2ZhxbWzxfA,Ulta Beauty,2130 Fashion Center Blvd,Newark,DE,19702,39.6720582582,-75.6489002742,3.5,11,1,"{'ByAppointmentOnly': 'True', 'BusinessAcceptsCreditCards': 'True', 'RestaurantsPriceRange2': '2'}","Shopping, Beauty & Spas, Cosmetics & Beauty Supply, Skin Care, Hair Salons","{'Monday': '10:0-20:0', 'Tuesday': '10:0-20:0', 'Wednesday': '10:0-20:0', 'Thursday': '10:0-21:0', 'Friday': '10:0-18:0', 'Saturday': '10:0-18:0', 'Sunday': '10:0-20:0'}"
gx0VM1yytDYERwTXOkNC9Q,DND Plumbing,,Land O Lakes,FL,34637,28.290178,-82.4644445,5.0,7,1,,"Home Services, Plumbing",
f82dhKNiUXsDVPMLqKYiIQ,Sher-e-Punjab,853 East Grant Rd,Tucson,AZ,85719,32.2509598946,-110.9591583204,4.0,446,1,"{'RestaurantsAttire': ""'casual'"", 'BusinessAcceptsCreditCards': 'True', 'RestaurantsGoodForGroups': 'True', 'BYOBCorkage': ""'no'"", 'OutdoorSeating': 'False', 'RestaurantsPriceRange2': '2', 'RestaurantsDelivery': 'True', 'GoodForKids': 'True', 'BusinessParking': ""{'garage': False, 'street': False, 'validated': False, 'lot': True, 'valet': False}"", 'Caters': 'True', 'HasTV': 'False', 'RestaurantsTakeOut': 'True', 'WiFi': ""u'free'"", 'BikeParking': 'False', 'RestaurantsTableService': 'True', 'BusinessAcceptsBitcoin': 'False', 'BYOB': 'False', 'Smoking': ""u'no'"", 'ByAppointmentOnly': 'False', 'Ambience': ""{'touristy': False, 'hipster': False, 'romantic': False, 'divey': False, 'intimate': False, 'trendy': False, 'upscale': False, 'classy': True, 'casual': True}"", 'GoodForMeal': ""{u'breakfast': False, u'brunch': False, u'lunch': True, u'dinner': True, u'latenight': False, u'dessert': None}"", 'HappyHour': 'True', 'RestaurantsReservations': 'True', 'Corkage': 'True', 'Alcohol': ""u'full_bar'"", 'NoiseLevel': ""u'average'"", 'WheelchairAccessible': 'False', 'DogsAllowed': 'True'}","Restaurants, Salad, Pakistani, Indian, Cocktail Bars, Food, Food Delivery Services, Soup, Halal, Bars, Nightlife","{'Tuesday': '16:0-21:0', 'Wednesday': '16:0-21:0', 'Thursday': '16:0-21:0', 'Friday': '16:0-21:0', 'Saturday': '16:0-21:0', 'Sunday': '16:0-21:0'}"
FW1PXpUq-yOs-5O_gqz3AQ,Big Mike's BBQ,6901 Sheldon Rd,Tampa,FL,33615,28.0114997,-82.5828401,4.5,32,0,"{'OutdoorSeating': 'True', 'RestaurantsAttire': ""u'casual'"", 'GoodForKids': 'True', 'BusinessAcceptsCreditCards': 'True', 'Ambience': ""{'romantic': False, 'intimate': False, 'classy': False, 'hipster': False, 'divey': False, 'touristy': False, 'trendy': False, 'upscale': False, 'casual': False}"", 'RestaurantsReservations': 'False', 'BikeParking': 'False', 'RestaurantsTableService': 'False', 'RestaurantsTakeOut': 'True', 'HasTV': 'False', 'GoodForMeal': ""{'dessert': False, 'latenight': False, 'lunch': False, 'dinner': False, 'brunch': False, 'breakfast': False}"", 'RestaurantsPriceRange2': '1', 'RestaurantsDelivery': 'False', 'NoiseLevel': ""u'quiet'"", 'WiFi': 'None', 'BusinessParking': ""{'garage': False, 'street': False, 'validated': False, 'lot': True, 'valet': False}"", 'RestaurantsGoodForGroups': 'True', 'Alcohol': ""'none'""}","Restaurants, Barbeque","{'Saturday': '11:30-20:0', 'Sunday': '12:30-18:0'}"
vvE3HVfxlx9UYctKPr0dbw,Inspired By Purpose Wellness Center & Yoga Studio,"2910 Mill St, Ste B",Reno,NV,89502,39.5174106,-119.7783471,4.5,9,1,"{'GoodForKids': 'True', 'BikeParking': 'True', 'ByAppointmentOnly': 'True', 'AcceptsInsurance': 'False', 'BusinessAcceptsCreditCards': 'True', 'BusinessParking': ""{u'valet': False, u'garage': False, u'street': False, u'lot': True, u'validated': False}"", 'DogsAllowed': 'False', 'WheelchairAccessible': 'False'}","Weight Loss Centers, Health & Medical, Life Coach, Meditation Centers, Professional Services, Yoga, Active Life, Fitness & Instruction, Trainers, Nutritionists","{'Monday': '0:0-0:0', 'Tuesday': '11:45-20:0', 'Wednesday': '5:45-20:0', 'Thursday': '5:45-20:0', 'Friday': '5:30-13:0', 'Saturday': '8:30-11:30'}"
JwBTq6IOFH97b9Hr6RT7pw,Reinette Café & Patisserie,2890-8882 170 Street NW,Edmonton,AB,T5T 4J2,53.5225968429,-113.61922974,3.0,5,1,"{'Ambience': ""{'touristy': False, 'hipster': False, 'romantic': False, 'intimate': False, 'trendy': False, 'upscale': False, 'classy': True, 'casual': False}"", 'Alcohol': ""u'none'"", 'WiFi': ""u'free'"", 'GoodForMeal': ""{'dessert': False, 'latenight': False, 'lunch': False, 'dinner': False, 'brunch': False, 'breakfast': False}"", 'BusinessParking': ""{'garage': False, 'street': False, 'validated': False, 'lot': False, 'valet': False}"", 'HasTV': 'True'}","Food, Coffee & Tea, Bakeries, Restaurants, Cafes",
xa28v84RtUPWQKuw_UQBXQ,The Main Lion Cat Grooming Salon,"21 Plank Ave, Ste 208",Paoli,PA,19301,40.042899,-75.488131,4.0,31,1,"{'RestaurantsTakeOut': 'False', 'RestaurantsDelivery': 'False', 'ByAppointmentOnly': 'True'}","Veterinarians, Pet Stores, Pets, Pet Photography, Pet Services, Pet Sitting, Pet Groomers","{'Tuesday': '8:0-19:30', 'Wednesday': '8:0-19:30', 'Friday': '8:0-19:30', 'Saturday': '8:0-19:30', 'Sunday': '9:0-15:0'}"
UoKkgWmE9-c3wbWwO4VAVQ,Beaver Hill Condominium,309 Florence Ave,Jenkintown,PA,19046,40.094306,-75.1352466,3.0,5,1,,"Real Estate, Apartments, Home Services",
bTve2mwLk5Zc01vRKqc2KQ,Red Hook Coffee & Tea,765 S 4th St,Philadelphia,PA,19147,39.9385518,-75.1496356,4.5,183,1,"{'BikeParking': 'True', 'OutdoorSeating': 'True', 'RestaurantsReservations': 'False', 'RestaurantsPriceRange2': '1', 'BusinessParking': ""{'garage': False, 'street': True, 'validated': False, 'lot': False, 'valet': False}"", 'RestaurantsAttire': ""'casual'"", 'RestaurantsGoodForGroups': 'False', 'WiFi': ""'free'"", 'Ambience': ""{'romantic': False, 'intimate': False, 'classy': False, 'hipster': False, 'divey': False, 'touristy': False, 'trendy': False, 'upscale': False, 'casual': True}"", 'NoiseLevel': ""u'quiet'"", 'Caters': 'False', 'RestaurantsTakeOut': 'True', 'GoodForMeal': ""{'dessert': False, 'latenight': False, 'lunch': True, 'dinner': False, 'brunch': True, 'breakfast': True}"", 'GoodForKids': 'True', 'BusinessAcceptsCreditCards': 'False', 'HasTV': 'True', 'RestaurantsDelivery': 'False', 'Alcohol': ""'none'""}","Restaurants, Breakfast & Brunch, Vegan, Bagels, Food, Coffee & Tea","{'Monday': '7:0-18:0', 'Tuesday': '7:0-18:0', 'Wednesday': '7:0-18:0', 'Thursday': '7:0-18:0', 'Friday': '7:0-18:0', 'Saturday': '7:0-18:0', 'Sunday': '7:0-18:0'}"
jiLGdnf42eYftkqfU2ze1w,Saks Fifth Avenue,8701 Keystone Crossing,Indianapolis,IN,46240,39.913836,-86.1079073,3.5,29,1,"{'RestaurantsPriceRange2': '4', 'BusinessAcceptsCreditCards': 'True', 'BusinessParking': ""{'garage': False, 'street': False, 'validated': False, 'lot': True, 'valet': False}"", 'BikeParking': 'False'}","Women's Clothing, Men's Clothing, Accessories, Fashion, Jewelry, Department Stores, Shopping, Shoe Stores","{'Monday': '10:0-18:0', 'Tuesday': '10:0-18:0', 'Wednesday': '8:0-21:0', 'Thursday': '10:0-21:0', 'Friday': '8:0-21:0', 'Saturday': '10:0-21:0', 'Sunday': '10:0-19:0'}"
ChrCGMx2MHhDYgZFuVhHWA,Salon Mosaic,"6815 Sierra Ctr Pkwy, Ste 400",Reno,NV,89511,39.4657110269,-119.7798574532,4.0,6,1,"{'ByAppointmentOnly': 'False', 'RestaurantsPriceRange2': '2', 'WheelchairAccessible': 'True', 'GoodForKids': 'True', 'BikeParking': 'True', 'BusinessParking': ""{'garage': False, 'street': False, 'validated': False, 'lot': True, 'valet': False}"", 'HairSpecializesIn': ""{'straightperms': False, 'coloring': False, 'extensions': False, 'africanamerican': False, 'curly': False, 'kids': False, 'perms': False, 'asian': False}"", 'BusinessAcceptsCreditCards': 'True'}","Hair Salons, Nail Salons, Beauty & Spas, Skin Care","{'Monday': '10:0-18:0', 'Tuesday': '10:0-18:0', 'Wednesday': '10:0-18:0', 'Thursday': '10:0-18:0', 'Friday': '10:0-18:0', 'Saturday': '9:0-18:0'}"
LVteL0Rnh2E_yOFCLJUPhg,Double Decker Pizza - Media,415 E Baltimore Ave,Media,PA,19063,39.916169,-75.382347,4.0,88,1,"{'RestaurantsAttire': ""'casual'"", 'RestaurantsGoodForGroups': 'True', 'OutdoorSeating': 'False', 'WiFi': ""'free'"", 'GoodForKids': 'True', 'RestaurantsReservations': 'False', 'Alcohol': ""'beer_and_wine'"", 'RestaurantsTakeOut': 'True', 'BusinessAcceptsCreditCards': 'True', 'RestaurantsDelivery': 'True', 'Caters': 'True', 'Ambience': ""{'touristy': False, 'hipster': False, 'romantic': False, 'divey': False, 'intimate': False, 'trendy': None, 'upscale': None, 'classy': False, 'casual': True}"", 'GoodForMeal': ""{'dessert': False, 'latenight': False, 'lunch': True, 'dinner': True, 'brunch': False, 'breakfast': False}"", 'RestaurantsTableService': 'True', 'Corkage': 'True', 'BusinessParking': ""{'garage': False, 'street': None, 'validated': False, 'lot': True, 'valet': False}"", 'BikeParking': 'True', 'HasTV': 'True', 'BYOB': 'False', 'RestaurantsPriceRange2': '1', 'NoiseLevel': ""'average'"", 'WheelchairAccessible': 'True'}","Pizza, Seafood, Restaurants, Mexican, Italian, Burgers, Salad, Greek, Sandwiches","{'Tuesday': '11:0-21:0', 'Wednesday': '11:0-21:0', 'Thursday': '11:0-21:0', 'Friday': '11:0-21:0', 'Saturday': '11:0-21:0', 'Sunday': '11:0-21:0'}"
-BDSQ7COGF0tcbWJRkTIZw,Volkswagen Of North Nashville,2431 Gallatin Rd N,Nashville,TN,37115,36.308867,-86.675097,2.5,45,1,,"Auto Detailing, Automotive, Auto Repair, Auto Parts & Supplies","{'Monday': '7:30-18:0', 'Tuesday': '7:30-18:0', 'Wednesday': '7:30-18:0', 'Thursday': '7:30-18:0', 'Friday': '7:30-18:0', 'Saturday': '8:0-14:0'}"
1vmx7_L210UBbOWLzrhepQ,Chicago Music Store,45 S 6th Ave,Tucson,AZ,85701,32.2213692,-110.9683558,4.0,44,1,"{'RestaurantsPriceRange2': '2', 'BusinessAcceptsCreditCards': 'True', 'BusinessParking': ""{'garage': False, 'street': True, 'validated': False, 'lot': True, 'valet': False}"", 'BikeParking': 'True'}","Electronics, Musical Instruments & Teachers, Shopping","{'Monday': '9:0-18:0', 'Tuesday': '9:0-18:0', 'Wednesday': '9:0-18:0', 'Thursday': '9:0-18:0', 'Friday': '9:0-18:0', 'Saturday': '10:0-17:0'}"
0vCsslN-TYnDeOSNT4rIfg,Whole Foods Market,14598 Clay Terrace Blvd,Carmel,IN,46032,39.999084,-86.131076,3.5,44,1,"{'BusinessParking': ""{'garage': False, 'street': False, 'validated': False, 'lot': True, 'valet': False}"", 'BikeParking': 'True', 'BusinessAcceptsCreditCards': 'True', 'RestaurantsPriceRange2': '3', 'RestaurantsTakeOut': 'True', 'RestaurantsDelivery': 'None', 'Caters': 'True'}","Food, Organic Stores, Specialty Food, Health Markets, Grocery","{'Monday': '0:0-0:0', 'Tuesday': '8:0-22:0', 'Wednesday': '8:0-22:0', 'Thursday': '7:0-15:0', 'Friday': '8:0-21:0', 'Saturday': '9:0-20:0', 'Sunday': '8:0-21:0'}"
lB6jIOb1UBATmdfot4KJew,Soco's Gyros,5530 S Lindbergh Blvd,Saint Louis,MO,63123,38.5245347,-90.355678,4.0,126,1,"{'BusinessAcceptsCreditCards': 'True', 'RestaurantsTakeOut': 'True', 'OutdoorSeating': 'False', 'RestaurantsAttire': ""u'casual'"", 'RestaurantsReservations': 'False', 'BikeParking': 'True', 'Alcohol': ""u'none'"", 'RestaurantsPriceRange2': '1', 'WiFi': ""u'no'"", 'HasTV': 'False', 'GoodForKids': 'True', 'GoodForMeal': ""{'dessert': False, 'latenight': False, 'lunch': True, 'dinner': True, 'brunch': False, 'breakfast': False}"", 'Caters': 'True', 'Ambience': ""{'romantic': False, 'intimate': False, 'touristy': False, 'hipster': False, 'divey': False, 'classy': False, 'trendy': False, 'upscale': False, 'casual': True}"", 'BusinessParking': ""{'garage': False, 'street': False, 'validated': False, 'lot': True, 'valet': False}"", 'NoiseLevel': ""u'average'"", 'RestaurantsDelivery': 'True', 'RestaurantsGoodForGroups': 'True'}","Delis, Kebab, Turkish, Mediterranean, Greek, Restaurants, Food","{'Monday': '11:0-19:0', 'Tuesday': '11:0-19:0', 'Wednesday': '11:0-19:0', 'Thursday': '11:0-19:0', 'Friday': '11:0-19:0', 'Saturday': '11:0-19:0'}"
oBqjxbnNKILyCN1S8KKd_g,Cherry Blow Dry Bar,"210 Veterans Memorial Blvd, Ste B",Metairie,LA,70005,29.999648,-90.125123,3.5,14,0,"{'BikeParking': 'True', 'WheelchairAccessible': 'True', 'RestaurantsPriceRange2': '2', 'GoodForKids': 'False', 'ByAppointmentOnly': 'False', 'BusinessAcceptsCreditCards': 'True', 'WiFi': ""u'free'""}","Hair Salons, Makeup Artists, Blow Dry/Out Services, Hair Extensions, Beauty & Spas","{'Monday': '7:0-21:0', 'Tuesday': '7:0-21:0', 'Wednesday': '7:0-21:0', 'Thursday': '7:0-21:0', 'Friday': '7:0-21:0', 'Saturday': '7:0-21:0', 'Sunday': '9:0-17:0'}"
VeqkfRUzZAKlQer3npXPdQ,New India's Kitchen,14222 Manchester Rd,Ballwin,MO,63011,38.5920571,-90.5035651,4.0,130,0,"{'RestaurantsPriceRange2': '2', 'HasTV': 'True', 'RestaurantsAttire': ""u'casual'"", 'NoiseLevel': ""u'quiet'"", 'BusinessAcceptsCreditCards': 'True', 'RestaurantsTakeOut': 'True', 'Caters': 'True', 'WiFi': ""u'no'"", 'Alcohol': ""u'none'"", 'RestaurantsGoodForGroups': 'True', 'Ambience': ""{'romantic': False, 'intimate': False, 'touristy': False, 'hipster': False, 'divey': False, 'classy': False, 'trendy': False, 'upscale': False, 'casual': True}"", 'BusinessParking': ""{'garage': False, 'street': False, 'validated': False, 'lot': True, 'valet': False}"", 'RestaurantsReservations': 'True', 'GoodForKids': 'True', 'OutdoorSeating': 'True', 'GoodForMeal': ""{'dessert': False, 'latenight': False, 'lunch': True, 'dinner': False, 'brunch': False, 'breakfast': False}"", 'BikeParking': 'False', 'RestaurantsDelivery': 'False'}","Restaurants, Indian, Buffets, Diners, Pakistani","{'Monday': '17:0-21:30', 'Wednesday': '17:0-21:30', 'Thursday': '17:0-21:30', 'Friday': '17:0-22:0', 'Saturday': '17:0-22:0', 'Sunday': '17:0-21:0'}"
CtMEJxpVMlNzFpB4PtFjfA,Aussie Grill,25340 Sierra Center Blvd,Lutz,FL,33559,28.192191035,-82.396367,4.0,75,1,"{'BYOB': 'False', 'OutdoorSeating': 'True', 'BusinessAcceptsCreditCards': 'True', 'HasTV': 'False', 'Caters': 'True', 'RestaurantsTakeOut': 'True', 'Alcohol': ""u'beer_and_wine'"", 'WheelchairAccessible': 'True', 'RestaurantsDelivery': 'True', 'RestaurantsTableService': 'True'}","Restaurants, American (New), Burgers, Fast Food, Steakhouses","{'Monday': '0:0-0:0', 'Tuesday': '11:0-21:0', 'Wednesday': '11:0-21:0', 'Thursday': '11:0-21:0', 'Friday': '11:0-21:0', 'Saturday': '11:0-22:0', 'Sunday': '11:0-21:0'}"
Cc1HSkYiRiDUquHiz2vdIg,Tire Choice Auto Service Centers,4224 Gunn Hwy,Tampa,FL,33618,28.0424255,-82.5124529,4.0,7,1,{'BusinessAcceptsCreditCards': 'True'},"Automotive, Auto Repair, Oil Change Stations, Tires","{'Monday': '0:0-0:0', 'Tuesday': '7:30-18:0', 'Wednesday': '7:30-18:0', 'Thursday': '7:30-18:0', 'Friday': '7:30-17:0', 'Saturday': '9:0-17:0'}"
Jft1PUUQGH4DoC2S1zsABg,Poppy's Ice Cream,"1515 E Judge Perez Dr, Ste 5",Chalmette,LA,70043,29.9381313,-89.9492226,4.5,6,1,"{'BusinessParking': ""{'garage': False, 'street': False, 'validated': False, 'lot': False, 'valet': False}"", 'RestaurantsTakeOut': 'True', 'BusinessAcceptsCreditCards': 'True'}","Ice Cream & Frozen Yogurt, Food","{'Monday': '12:0-21:0', 'Tuesday': '12:0-21:0', 'Wednesday': '12:0-21:0', 'Thursday': '12:0-21:0', 'Friday': '12:0-21:0', 'Saturday': '12:0-21:0', 'Sunday': '12:0-21:0'}"
NVpbPRDvfwjb85CJwWE0nQ,China Wok,545 Rockledge Ave,Huntingdon Valley,PA,19006,40.0903977316,-75.0926760348,4.0,55,1,"{'RestaurantsAttire': ""u'casual'"", 'RestaurantsPriceRange2': '2', 'OutdoorSeating': 'False', 'Alcohol': ""u'none'"", 'NoiseLevel': ""u'quiet'"", 'BusinessAcceptsCreditCards': 'True', 'RestaurantsReservations': 'True', 'GoodForKids': 'True', 'RestaurantsGoodForGroups': 'True', 'RestaurantsDelivery': 'True', 'RestaurantsTakeOut': 'True', 'BusinessParking': ""{'garage': False, 'street': False, 'validated': False, 'lot': True, 'valet': False}"", 'Ambience': ""{'touristy': False, 'hipster': False, 'romantic': False, 'divey': False, 'intimate': False, 'trendy': False, 'upscale': False, 'classy': True, 'casual': False}"", 'HasTV': 'True', 'GoodForMeal': ""{'dessert': False, 'latenight': False, 'lunch': False, 'dinner': False, 'brunch': False, 'breakfast': False}""}","Chinese, Restaurants, Seafood, Noodles","{'Tuesday': '11:0-21:0', 'Wednesday': '11:0-21:0', 'Thursday': '11:0-21:0', 'Friday': '11:0-22:0', 'Saturday': '11:0-22:0', 'Sunday': '12:0-21:0'}"
JgpnXv_0XhV3SfbfB50nxw,Joe's Pizza,2038 N Dale Mabry Hwy,Tampa,FL,33607,27.9605142,-82.506127,4.0,35,0,"{'BusinessParking': ""{'garage': False, 'street': False, 'validated': False, 'lot': True, 'valet': False}"", 'GoodForKids': 'True', 'RestaurantsReservations': 'False', 'RestaurantsTakeOut': 'True', 'Caters': 'False', 'HasTV': 'True', 'RestaurantsPriceRange2': '1', 'RestaurantsAttire': ""u'casual'"", 'OutdoorSeating': 'False', 'RestaurantsDelivery': 'True', 'WiFi': ""u'no'"", 'Ambience': ""{'romantic': False, 'intimate': False, 'classy': False, 'hipster': False, 'divey': False, 'touristy': False, 'trendy': False, 'upscale': False, 'casual': True}"", 'NoiseLevel': ""u'average'"", 'BikeParking': 'True', 'Alcohol': ""u'beer_and_wine'"", 'BusinessAcceptsCreditCards': 'True', 'RestaurantsGoodForGroups': 'True', 'GoodForMeal': ""{'dessert': False, 'latenight': False, 'lunch': True, 'dinner': True, 'brunch': False, 'breakfast': False}""}","Restaurants, Pizza","{'Monday': '11:0-22:0', 'Tuesday': '11:0-22:0', 'Wednesday': '11:0-22:0', 'Thursday': '11:0-22:0', 'Friday': '11:0-3:0', 'Saturday': '11:0-3:0'}"
nSyOBxBRMugT3sKeT4YWBg,South Cleaner & Tailor,6102 S MacDill Ave,Tampa,FL,33611,27.8798076,-82.4936332,3.5,9,0,"{'RestaurantsPriceRange2': '2', 'BusinessParking': ""{'garage': False, 'street': False, 'validated': False, 'lot': False, 'valet': False}""}","Sewing & Alterations, Local Services, Dry Cleaning & Laundry, Laundry Services","{'Monday': '7:30-18:0', 'Tuesday': '7:30-18:0', 'Wednesday': '7:30-18:0', 'Thursday': '7:30-18:0', 'Friday': '7:30-18:0', 'Saturday': '9:0-15:0'}"
J_ksUDPpzPwfTGtI4zTRnQ,Riverview Room,600 Decatur St,New Orleans,LA,70130,29.9559253,-90.0629624,4.5,7,1,"{'BusinessAcceptsCreditCards': 'True', 'WiFi': ""u'free'""}","Event Planning & Services, Caterers, Party & Event Planning","{'Monday': '9:0-16:0', 'Tuesday': '9:0-16:0', 'Wednesday': '9:0-16:0', 'Thursday': '9:0-16:0', 'Friday': '9:0-16:0'}"
V-96iACFgPmVjjKACGxd7Q,Fusion Pizza & Grill,"1900 Grant Ave, Ste M-N",Philadelphia,PA,19115,40.0839955,-75.0354963,2.5,6,0,"{'GoodForKids': 'True', 'RestaurantsGoodForGroups': 'True', 'BusinessAcceptsCreditCards': 'True', 'RestaurantsAttire': ""'casual'"", 'RestaurantsReservations': 'False', 'RestaurantsTakeOut': 'True', 'RestaurantsDelivery': 'True'}","Ethnic Food, Specialty Food, Restaurants, Food, Pizza","{'Monday': '11:0-23:0', 'Tuesday': '11:0-23:0', 'Wednesday': '11:0-23:0', 'Thursday': '11:0-23:0', 'Friday': '11:0-2:0', 'Saturday': '11:0-2:0', 'Sunday': '11:0-23:0'}"
zKBIdA2j49REmU2bFR1mdw,BayLife Physical Therapy and Rehabilitation- St. Petersburg,"8950 Doctor Martin Luther King Junior St N, Ste 101",St. Petersburg,FL,33702,27.854197,-82.6474272852,5.0,9,1,"{'ByAppointmentOnly': 'True', 'BusinessAcceptsCreditCards': 'True', 'AcceptsInsurance': 'True'}","Rehabilitation Center, Health & Medical, Physical Therapy, Doctors, Sports Medicine","{'Monday': '8:0-19:0', 'Tuesday': '8:0-19:0', 'Wednesday': '8:0-12:0', 'Thursday': '8:0-19:0', 'Friday': '8:0-12:0'}"
zn-WXkqHag5FSVc_LC9dEQ,Renee Hair Salon,1007 W Chester Pike,Havertown,PA,19083,39.9722710087,-75.3138364272,4.0,5,1,"{'BusinessParking': ""{'garage': False, 'street': False, 'validated': False, 'lot': False, 'valet': False}"", 'ByAppointmentOnly': 'False', 'RestaurantsPriceRange2': '1'}","Beauty & Spas, Hair Salons","{'Tuesday': '12:0-19:0', 'Wednesday': '10:0-17:0', 'Thursday': '12:0-20:0', 'Friday': '10:0-17:0', 'Saturday': '9:0-15:0'}"
OIsLivxtTTqH7i1QISoUOQ,Villas at San Dorado,10730 N Oracle Rd,Oro Valley,AZ,85737,32.398472,-110.9542611,4.0,7,1,"{'BusinessAcceptsCreditCards': 'True', 'BusinessAcceptsBitcoin': 'False'}","Apartments, Real Estate, Home Services","{'Monday': '0:0-0:0', 'Tuesday': '8:30-17:30', 'Wednesday': '8:30-17:30', 'Thursday': '8:30-17:30', 'Friday': '8:30-17:30', 'Saturday': '10:0-17:0'}"
jBCgQ6nZDsMCWU7eaSxOpw,Whaley's Blazin BBQ,18213 N US Highway 41,Lutz,FL,33549,28.137927,-82.4626332,4.5,58,0,"{'GoodForKids': 'True', 'RestaurantsGoodForGroups': 'True', 'NoiseLevel': ""u'quiet'"", 'RestaurantsTakeOut': 'True', 'Caters': 'True', 'WiFi': ""u'no'"", 'RestaurantsDelivery': 'False', 'RestaurantsPriceRange2': '1', 'Ambience': ""{'romantic': False, 'intimate': False, 'touristy': False, 'hipster': False, 'divey': True, 'classy': False, 'trendy': False, 'upscale': False, 'casual': False}"", 'OutdoorSeating': 'False', 'BikeParking': 'True', 'BusinessAcceptsCreditCards': 'True', 'RestaurantsReservations': 'False', 'RestaurantsAttire': ""u'casual'"", 'Alcohol': ""u'none'"", 'RestaurantsTableService': 'False', 'GoodForMeal': ""{'dessert': False, 'latenight': False, 'lunch': True, 'dinner': True, 'brunch': False, 'breakfast': False}"", 'BusinessParking': ""{u'valet': False, u'garage': False, u'street': None, u'lot': True, u'validated': False}"", 'HasTV': 'True'}","Sandwiches, Restaurants, Barbeque, Food Trucks, Food","{'Monday': '11:0-19:30', 'Tuesday': '11:0-19:30', 'Wednesday': '11:0-19:30', 'Thursday': '11:0-19:30', 'Friday': '11:0-19:30', 'Saturday': '11:0-19:30', 'Sunday': '11:0-19:30'}"
xwSWtJcQkzTF6HNm_IMgcg,Rusty's Pizza Parlor,270 Storke Rd,Goleta,CA,93117,34.4290427,-119.8693616,2.5,94,1,"{'RestaurantsPriceRange2': '2', 'Alcohol': ""u'beer_and_wine'"", 'RestaurantsTakeOut': 'True', 'RestaurantsGoodForGroups': 'True', 'Corkage': 'False', 'BusinessAcceptsCreditCards': 'True', 'RestaurantsAttire': ""'casual'"", 'OutdoorSeating': 'False', 'RestaurantsDelivery': 'True', 'BYOBCorkage': ""'yes_free'"", 'GoodForKids': 'True', 'WiFi': ""u'no'"", 'BusinessParking': ""{'garage': False, 'street': False, 'validated': False, 'lot': True, 'valet': False}"", 'HasTV': 'True', 'Caters': 'False', 'BikeParking': 'True', 'NoiseLevel': ""u'average'"", 'DogsAllowed': 'False', 'GoodForMeal': ""{'dessert': False, 'latenight': None, 'lunch': True, 'dinner': True, 'brunch': False, 'breakfast': False}"", 'WheelchairAccessible': 'True', 'RestaurantsReservations': 'True', 'Ambience': ""{u'divey': False, u'hipster': False, u'casual': True, u'touristy': None, u'trendy': False, u'intimate': False, u'romantic': False, u'classy': False, u'upscale': False}""}","Chicken Wings, Salad, Restaurants, Pizza, Italian, Sandwiches","{'Monday': '0:0-0:0', 'Tuesday': '11:0-20:0', 'Wednesday': '11:0-0:0', 'Thursday': '11:0-0:0', 'Friday': '11:0-0:0', 'Saturday': '11:0-0:0', 'Sunday': '11:0-0:0'}"
Z3EIfrkSmOmE4hnc1BRo5w,JCPenney,3301 Veterans Memorial Blvd,Metairie,LA,70002,30.006267,-90.158554,3.0,23,1,"{'BusinessAcceptsCreditCards': 'True', 'BikeParking': 'True', 'RestaurantsPriceRange2': '2', 'BusinessParking': ""{'garage': True, 'street': False, 'validated': False, 'lot': True, 'valet': False}""}","Baby Gear & Furniture, Fashion, Appliances, Women's Clothing, Shopping, Shopping Centers, Department Stores, Children's Clothing, Home & Garden, Men's Clothing","{'Tuesday': '7:0-22:0', 'Wednesday': '10:0-21:0', 'Thursday': '10:0-21:0', 'Friday': '10:0-21:0', 'Saturday': '10:0-21:0', 'Sunday': '7:0-18:0'}"
fn_VkMsFVyLLx7ishLm1vQ,Aqua Terra Salon & Spa,3128 Litle Rd,Trinity,FL,34655,28.187705,-82.685196,4.0,16,1,"{'BusinessAcceptsCreditCards': 'True', 'BikeParking': 'False', 'RestaurantsPriceRange2': '2', 'BusinessParking': ""{'garage': False, 'street': False, 'validated': False, 'lot': False, 'valet': False}"", 'BusinessAcceptsBitcoin': 'False', 'ByAppointmentOnly': 'False', 'AcceptsInsurance': 'False', 'WiFi': ""u'free'""}","Hair Salons, Massage, Hair Removal, Waxing, Beauty & Spas","{'Monday': '10:0-16:0', 'Tuesday': '9:0-20:0', 'Wednesday': '9:0-20:0', 'Thursday': '9:0-20:0', 'Friday': '9:0-18:0', 'Saturday': '9:0-16:0'}"
00szsg8vQy6yX5f-m9sI4A,None Such Farm Market,4458 York Rd,Buckingham,PA,18912,40.31862,-75.066274,4.0,36,1,"{'BusinessAcceptsCreditCards': 'True', 'RestaurantsTakeOut': 'True', 'RestaurantsPriceRange2': '2', 'BusinessParking': ""{'garage': False, 'street': False, 'validated': False, 'lot': True, 'valet': False}"", 'BikeParking': 'True'}","Grocery, Food, Farmers Market","{'Wednesday': '10:0-18:0', 'Thursday': '10:0-18:0', 'Friday': '10:0-18:0', 'Saturday': '10:0-18:0'}"
8vtIB1e8HbMPwbzP7edk7g,"A Jackson Ecker, Inc",144 King St,Pottstown,PA,19464,40.2466542,-75.6510162,4.0,18,1,{'BusinessAcceptsCreditCards': 'False'},"Plumbing, Home Services",
I3ZLcrGzj-QN5vFgaJFrAg,Golf Galaxy,470 Swedesford Rd,Berwyn,PA,19312,40.0676702282,-75.4496971643,3.0,25,1,"{'GoodForKids': 'True', 'BusinessAcceptsCreditCards': 'True', 'Ambience': ""{'romantic': False, 'intimate': False, 'classy': False, 'hipster': False, 'divey': False, 'touristy': False, 'trendy': False, 'upscale': False, 'casual': False}"", 'NoiseLevel': ""'quiet'"", 'RestaurantsPriceRange2': '2', 'BikeParking': 'False', 'Caters': 'False'}","Shopping, Fashion, Outdoor Gear, Active Life, Golf Lessons, Sporting Goods, Golf Equipment, Golf, Fitness & Instruction, Sports Wear","{'Monday': '10:0-20:0', 'Tuesday': '10:0-20:0', 'Wednesday': '10:0-20:0', 'Thursday': '10:0-20:0', 'Friday': '10:0-20:0', 'Saturday': '9:0-19:0', 'Sunday': '10:0-17:0'}"
5whwQ1UnbkT2wwD8-08Rpw,Cole Brothers,711 Myatt Center Ln,Madison,TN,37115,36.2766423,-86.6885468,4.0,13,1,{'BusinessAcceptsCreditCards': 'True'},"Automotive, Auto Parts & Supplies","{'Monday': '8:30-17:0', 'Tuesday': '8:30-17:0', 'Wednesday': '8:30-17:0', 'Thursday': '8:30-17:0', 'Friday': '8:30-17:0'}"
9OG5YkX1g2GReZM0AskizA,Romano's Macaroni Grill,5505 S Virginia St,Reno,NV,89502,39.4761165,-119.7893392,2.5,339,1,"{'RestaurantsGoodForGroups': 'True', 'RestaurantsTakeOut': 'True', 'RestaurantsAttire': ""'casual'"", 'NoiseLevel': ""u'average'"", 'OutdoorSeating': 'True', 'BikeParking': 'True', 'BusinessParking': ""{'garage': False, 'street': False, 'validated': False, 'lot': True, 'valet': False}"", 'RestaurantsPriceRange2': '2', 'Caters': 'True', 'GoodForKids': 'True', 'RestaurantsReservations': 'True', 'BusinessAcceptsCreditCards': 'True', 'Alcohol': ""'full_bar'"", 'GoodForMeal': ""{'dessert': None, 'latenight': False, 'lunch': True, 'dinner': True, 'brunch': None, 'breakfast': False}"", 'RestaurantsTableService': 'True', 'HappyHour': 'True', 'WiFi': ""u'free'"", 'DogsAllowed': 'False', 'Ambience': ""{u'divey': False, u'hipster': False, u'casual': True, u'touristy': False, u'trendy': False, u'intimate': False, u'romantic': None, u'classy': None, u'upscale': False}"", 'RestaurantsDelivery': 'True', 'HasTV': 'True'}","Restaurants, Italian","{'Monday': '11:0-22:0', 'Tuesday': '11:0-22:0', 'Wednesday': '10:0-22:0', 'Thursday': '11:0-20:0', 'Friday': '11:0-21:0', 'Saturday': '12:0-21:0', 'Sunday': '11:0-21:0'}"
fvWn8oXXwbj2l79cochZyw,Altitude Trampoline Park - Boise,1301 N Milwaukee St,Boise,ID,83704,43.6167635,-116.2853821,5.0,30,1,"{'BusinessParking': ""{'garage': False, 'street': False, 'validated': False, 'lot': False, 'valet': False}"", 'ByAppointmentOnly': 'False', 'WheelchairAccessible': 'True', 'BusinessAcceptsCreditCards': 'True', 'BikeParking': 'True'}","Trampoline Parks, Active Life","{'Monday': '10:0-20:0', 'Tuesday': '10:0-20:0', 'Wednesday': '10:0-20:0', 'Thursday': '10:0-20:0', 'Friday': '10:0-22:0', 'Saturday': '9:0-22:0', 'Sunday': '10:0-20:0'}"
u2Bh7ylWs9InI7WFk9N53A,Salon 139,104 E High St,Mooresville,IN,46158,39.6106515,-86.3720313,4.0,8,1,"{'BusinessAcceptsCreditCards': 'True', 'BusinessParking': ""{'garage': False, 'street': False, 'validated': False, 'lot': False, 'valet': False}"", 'WiFi': ""u'free'"", 'ByAppointmentOnly': 'True', 'GoodForKids': 'True', 'RestaurantsPriceRange2': '4'}","Nail Salons, Hair Salons, Beauty & Spas","{'Tuesday': '10:0-22:0', 'Wednesday': '10:0-18:0', 'Thursday': '10:0-20:0', 'Friday': '9:0-16:0', 'Saturday': '9:0-14:0'}"
UJsufbvfyfONHeWdvAHKjA,Marshalls,21705 Village Lakes Sc Dr,Land O' Lakes,FL,34639,28.1904587953,-82.4573802199,3.5,6,1,"{'RestaurantsPriceRange2': '2', 'BikeParking': 'True', 'BusinessAcceptsCreditCards': 'True', 'BusinessParking': ""{'garage': False, 'street': False, 'validated': False, 'lot': False, 'valet': False}""}","Department Stores, Shopping, Fashion","{'Monday': '9:30-21:30', 'Tuesday': '9:30-21:30', 'Wednesday': '9:30-21:30', 'Thursday': '9:30-21:30', 'Friday': '9:30-21:30', 'Saturday': '9:30-21:30', 'Sunday': '10:0-20:0'}"
Dtuf4vD0znzwJW9vk3iTNw,Tomo Japanese Steakhouse and Sushi Bar,"7411 N Keystone Ave, Ste A",Indianapolis,IN,46240,39.8887246,-86.1212129,4.0,246,1,"{'OutdoorSeating': 'False', 'RestaurantsGoodForGroups': 'True', 'RestaurantsReservations': 'True', 'Alcohol': ""u'full_bar'"", 'WiFi': ""u'free'"", 'BusinessAcceptsCreditCards': 'True', 'NoiseLevel': ""u'average'"", 'BikeParking': 'False', 'RestaurantsTakeOut': 'True', 'RestaurantsPriceRange2': '2', 'HasTV': 'True', 'RestaurantsAttire': ""u'casual'"", 'Caters': 'False', 'DogsAllowed': 'False', 'GoodForKids': 'True', 'GoodForMeal': ""{'dessert': False, 'latenight': False, 'lunch': True, 'dinner': True, 'brunch': False, 'breakfast': False}"", 'BusinessParking': ""{'garage': False, 'street': False, 'validated': False, 'lot': True, 'valet': False}"", 'RestaurantsTableService': 'True', 'HappyHour': 'False', 'Ambience': ""{'touristy': False, 'hipster': False, 'romantic': False, 'divey': False, 'intimate': False, 'trendy': False, 'upscale': False, 'classy': True, 'casual': True}"", 'RestaurantsDelivery': 'True'}","Steakhouses, Restaurants, Sushi Bars, Japanese","{'Monday': '0:0-0:0', 'Tuesday': '16:30-22:0', 'Wednesday': '16:30-22:0', 'Thursday': '16:30-22:0', 'Friday': '16:30-22:30', 'Saturday': '12:0-22:30', 'Sunday': '12:30-21:30'}"
voKcGki0lA5JETqKFwm6AA,Factotum Barber + Supply,902 Piety St,New Orleans,LA,70117,29.9649841114,-90.0422938596,5.0,14,1,"{'RestaurantsPriceRange2': '2', 'ByAppointmentOnly': 'True', 'BusinessParking': ""{'garage': False, 'street': False, 'validated': False, 'lot': False, 'valet': False}"", 'BusinessAcceptsCreditCards': 'True', 'BikeParking': 'True'}","Barbers, Men's Hair Salons, Hair Salons, Beauty & Spas",
Pr_Mlt9FqdcW7WCFGJmozA,The Cider Factory,420 S B St,Virginia City,NV,89440,39.305224,-119.652596,4.5,104,1,"{'RestaurantsGoodForGroups': 'True', 'GoodForKids': 'True', 'RestaurantsTakeOut': 'True', 'BikeParking': 'True', 'BusinessParking': ""{'garage': False, 'street': True, 'validated': False, 'lot': None, 'valet': False}"", 'RestaurantsPriceRange2': '2', 'HasTV': 'False', 'OutdoorSeating': 'True', 'RestaurantsReservations': 'True', 'Ambience': ""{'touristy': False, 'hipster': False, 'romantic': False, 'divey': False, 'intimate': False, 'trendy': False, 'upscale': False, 'classy': True, 'casual': True}"", 'NoiseLevel': ""u'quiet'"", 'RestaurantsAttire': ""'casual'"", 'WheelchairAccessible': 'True', 'BusinessAcceptsCreditCards': 'True', 'WiFi': ""'no'"", 'Alcohol': ""'beer_and_wine'"", 'RestaurantsDelivery': 'True', 'GoodForMeal': ""{'dessert': None, 'latenight': False, 'lunch': True, 'dinner': True, 'brunch': None, 'breakfast': None}""}","Italian, Seafood, American (Traditional), Steakhouses, Restaurants, Comfort Food","{'Monday': '11:0-19:0', 'Tuesday': '11:0-19:0', 'Saturday': '9:0-19:0', 'Sunday': '9:0-19:0'}"
0qNpTGTcqPwOLi2hADx4Xw,Charlie's Market,2815 E Sligh Ave,Tampa,FL,33610,28.0103596,-82.4300416,3.0,9,1,"{'BusinessParking': ""{'garage': False, 'street': False, 'validated': False, 'lot': False, 'valet': False}"", 'BusinessAcceptsCreditCards': 'True', 'RestaurantsPriceRange2': '1', 'BikeParking': 'True', 'RestaurantsTakeOut': 'True'}","Food, Grocery, Convenience Stores",
bf34LpGej_MZbOlAKB1beQ,Sherbrooke Liquor Store,11819 Saint Albert Trail NW,Edmonton,AB,T5L 5B5,53.5710863856,-113.548768193,4.5,77,1,"{'BusinessParking': ""{'garage': False, 'street': False, 'validated': False, 'lot': True, 'valet': False}"", 'BikeParking': 'True', 'Caters': 'False', 'RestaurantsPriceRange2': '2', 'RestaurantsTakeOut': 'True', 'RestaurantsDelivery': 'True'}","Beer, Wine & Spirits, Food","{'Monday': '10:0-20:0', 'Tuesday': '10:0-20:0', 'Wednesday': '10:0-20:0', 'Thursday': '10:0-20:0', 'Friday': '10:0-20:0', 'Saturday': '10:0-20:0', 'Sunday': '10:0-20:0'}"
tSFXJ0GFl5iUdy021YgWLw,The Mad Griddle ,2127 E 10th St,Indianapolis,IN,46201,39.781126,-86.1241235,5.0,7,1,"{'HappyHour': 'True', 'WiFi': ""u'free'"", 'HasTV': 'True', 'DogsAllowed': 'True', 'BusinessAcceptsCreditCards': 'True', 'OutdoorSeating': 'True', 'BusinessAcceptsBitcoin': 'False', 'RestaurantsReservations': 'True', 'BusinessParking': ""{u'valet': False, u'garage': False, u'street': False, u'lot': False, u'validated': False}"", 'Smoking': ""u'no'"", 'Alcohol': ""u'beer_and_wine'"", 'RestaurantsTakeOut': 'True', 'Music': ""{u'dj': False, u'live': True, u'jukebox': False, u'video': False, u'background_music': False, u'karaoke': False, u'no_music': False}"", 'RestaurantsDelivery': 'True'}","Arts & Entertainment, Nightlife, Jazz & Blues, Restaurants, Pizza, Southern","{'Monday': '11:0-21:0', 'Tuesday': '11:0-21:0', 'Wednesday': '11:0-21:0', 'Thursday': '11:0-21:0', 'Friday': '11:0-22:0', 'Saturday': '11:0-22:0', 'Sunday': '11:0-17:0'}"
o9jFWOpK9ty5vZUQTE6z5w,B&M Hardwood Flooring,3112 Wolfe Rd,Tampa Bay,FL,33759,27.971329,-82.7078619,4.0,8,1,"{'BusinessAcceptsCreditCards': 'True', 'ByAppointmentOnly': 'True'}","Carpenters, Refinishing Services, Flooring, Home Services","{'Monday': '7:0-19:0', 'Tuesday': '7:0-19:0', 'Wednesday': '7:0-19:0', 'Thursday': '7:0-19:0', 'Friday': '7:0-19:0', 'Saturday': '7:0-19:0', 'Sunday': '7:0-19:0'}"
O5zuQH_YowDC-rsK8ZEXCA,Tin Drum Asia Cafe,"3867Tampa Rd, Ste 305",Tampa,FL,34677,28.0451503082,-82.6812278379,3.0,62,0,"{'OutdoorSeating': 'False', 'Alcohol': ""'none'"", 'RestaurantsTableService': 'False', 'HasTV': 'False', 'RestaurantsAttire': ""'casual'"", 'RestaurantsDelivery': 'False', 'BikeParking': 'False', 'GoodForMeal': ""{'dessert': False, 'latenight': False, 'lunch': True, 'dinner': False, 'brunch': False, 'breakfast': False}"", 'BusinessParking': ""{'garage': False, 'street': False, 'validated': False, 'lot': False, 'valet': False}"", 'WiFi': ""'no'"", 'NoiseLevel': ""u'average'"", 'BusinessAcceptsCreditCards': 'True', 'RestaurantsTakeOut': 'True', 'RestaurantsReservations': 'False', 'Caters': 'True', 'GoodForKids': 'True', 'RestaurantsPriceRange2': '1', 'RestaurantsGoodForGroups': 'True', 'Ambience': ""{'romantic': False, 'intimate': False, 'classy': False, 'hipster': True, 'divey': False, 'touristy': False, 'trendy': False, 'upscale': False, 'casual': False}""}","Asian Fusion, Restaurants","{'Monday': '11:0-21:0', 'Tuesday': '11:0-21:0', 'Wednesday': '11:0-21:0', 'Thursday': '11:0-21:0', 'Friday': '11:0-22:0', 'Saturday': '11:0-22:0', 'Sunday': '11:0-21:0'}"
uKEabBQrn0gLzvTppOrKIA,Casita Taqueria,2701 4th St,Saint Petersburg,FL,33704,27.7969762597,-82.6381678127,4.5,207,1,"{'Caters': 'True', 'HasTV': 'True', 'RestaurantsTableService': 'True', 'RestaurantsReservations': 'False', 'BusinessAcceptsCreditCards': 'True', 'RestaurantsGoodForGroups': 'True', 'WiFi': ""'no'"", 'Alcohol': ""'beer_and_wine'"", 'BikeParking': 'True', 'NoiseLevel': ""'average'"", 'RestaurantsAttire': ""'casual'"", 'HappyHour': 'True', 'RestaurantsDelivery': 'None', 'GoodForKids': 'True', 'BusinessParking': ""{'garage': False, 'street': None, 'validated': False, 'lot': True, 'valet': False}"", 'GoodForMeal': ""{u'breakfast': None, u'brunch': False, u'lunch': True, u'dinner': True, u'latenight': None, u'dessert': False}"", 'RestaurantsPriceRange2': '1', 'RestaurantsTakeOut': 'True', 'Ambience': ""{u'divey': None, u'hipster': None, u'casual': True, u'touristy': False, u'trendy': None, u'intimate': False, u'romantic': False, u'classy': False, u'upscale': False}"", 'OutdoorSeating': 'True'}","Mexican, Restaurants","{'Monday': '11:0-21:0', 'Tuesday': '11:0-21:0', 'Wednesday': '11:0-21:0', 'Thursday': '11:0-21:0', 'Friday': '11:0-22:0', 'Saturday': '11:0-22:0'}"
pP4q0Mym-qt20nRqTKbzhQ,Morton's The Steakhouse,1411 Walnut St,Philadelphia,PA,19102,39.949603,-75.1649701595,3.5,149,0,"{'WiFi': ""u'no'"", 'RestaurantsTakeOut': 'False', 'BikeParking': 'True', 'RestaurantsAttire': ""'dressy'"", 'OutdoorSeating': 'False', 'Alcohol': ""'full_bar'"", 'RestaurantsPriceRange2': '4', 'RestaurantsDelivery': 'False', 'BusinessAcceptsCreditCards': 'True', 'RestaurantsGoodForGroups': 'True', 'RestaurantsReservations': 'True', 'GoodForDancing': 'False', 'HasTV': 'True', 'GoodForMeal': ""{'dessert': False, 'latenight': False, 'lunch': False, 'dinner': True, 'brunch': False, 'breakfast': False}"", 'Ambience': ""{'touristy': False, 'hipster': False, 'romantic': False, 'divey': False, 'intimate': False, 'trendy': False, 'upscale': True, 'classy': True, 'casual': False}"", 'NoiseLevel': ""u'quiet'"", 'GoodForKids': 'False', 'Caters': 'True', 'BusinessParking': 'None', 'HappyHour': 'True', 'CoatCheck': 'False'}","Steakhouses, Restaurants, Nightlife, Seafood, Bars, American (Traditional)","{'Monday': '17:0-22:0', 'Tuesday': '17:0-22:0', 'Wednesday': '17:0-22:0', 'Thursday': '12:0-22:0', 'Friday': '17:0-23:0', 'Saturday': '17:0-23:0', 'Sunday': '17:0-22:0'}"
gbN4RuUiiBxQ2GBFQ2p3Cw,Mr. Margarita,Truck Inn Way,Fernley,NV,89408,39.5139704538,-119.8472038094,5.0,7,1,"{'RestaurantsPriceRange2': '1', 'BusinessAcceptsCreditCards': 'False', 'BikeParking': 'True', 'Alcohol': ""'full_bar'"", 'RestaurantsDelivery': 'False', 'RestaurantsTakeOut': 'True', 'GoodForMeal': ""{'dessert': False, 'latenight': False, 'lunch': False, 'dinner': False, 'brunch': False, 'breakfast': False}""}","Food Trucks, Food",
4pS7qnjJ7_DCoJB-Enl7KA,Prop and Decor Outlet: The Tent Merchant Inc.,930 State St,Santa Barbara,CA,93101,34.4214452,-119.7014496,4.0,5,1,,"Shopping, Home & Garden, Home Decor, Props","{'Monday': '10:0-17:30', 'Tuesday': '10:0-17:30', 'Wednesday': '10:0-17:30', 'Thursday': '10:0-17:30', 'Friday': '10:0-17:30', 'Saturday': '10:0-17:30', 'Sunday': '11:0-17:30'}"
2n9HHBxG7yAyAUwXXa49aw,Mighty Dustless,1256 Valley Hill Trl,Southampton,PA,18966,40.1690207,-75.0093159,4.0,5,1,"{'BusinessAcceptsBitcoin': 'False', 'BusinessAcceptsCreditCards': 'True'}","Flooring, Handyman, Contractors, Home Services","{'Monday': '0:0-0:0', 'Tuesday': '8:0-18:0', 'Wednesday': '8:0-18:0', 'Thursday': '8:0-18:0', 'Friday': '8:0-18:0', 'Saturday': '8:0-18:0'}"
lJfxS6RMzAQ7oy8F2vU3Pg,"C R Bhatia, DVM - Animal Clinic of Warrington",1352 Easton Rd,Warrington,PA,18976,40.250693877,-75.133774929,4.5,9,1,"{'BusinessAcceptsCreditCards': 'True', 'ByAppointmentOnly': 'False'}","Pets, Veterinarians","{'Monday': '8:30-19:0', 'Tuesday': '8:30-19:0', 'Wednesday': '8:30-19:0', 'Thursday': '8:30-19:0', 'Friday': '8:30-19:0', 'Sunday': '9:0-11:0'}"
6_Zf2QsRHCH1RhbzA9inyw,Starbucks,8602 Hillsborough Ave,Tampa,FL,33615,27.9963703,-82.580954,3.0,56,1,"{'BikeParking': 'True', 'BusinessAcceptsCreditCards': 'True', 'OutdoorSeating': 'True', 'WiFi': ""u'free'"", 'BusinessParking': ""{'garage': False, 'street': False, 'validated': False, 'lot': True, 'valet': False}"", 'RestaurantsTakeOut': 'True', 'RestaurantsPriceRange2': '2', 'Caters': 'False'}","Coffee & Tea, Food","{'Monday': '5:30-21:0', 'Tuesday': '5:30-21:0', 'Wednesday': '5:30-21:0', 'Thursday': '5:30-21:0', 'Friday': '5:30-21:0', 'Saturday': '6:30-21:0', 'Sunday': '6:30-21:0'}"
sOcGOqOeObtIBhuvcWuY8g,Gallagher's Pub,8937 82 Avenue NW,Edmonton,AB,T6C 0Z3,53.5177345,-113.4666105,2.5,6,0,"{'Alcohol': ""u'full_bar'"", 'BusinessParking': ""{'garage': False, 'street': False, 'validated': False, 'lot': False, 'valet': False}"", 'RestaurantsGoodForGroups': 'True', 'OutdoorSeating': 'False', 'HasTV': 'True', 'NoiseLevel': ""u'average'"", 'Ambience': ""{'romantic': False, 'intimate': False, 'classy': False, 'hipster': False, 'divey': False, 'touristy': False, 'trendy': False, 'upscale': False, 'casual': True}"", 'RestaurantsPriceRange2': '1'}","Bars, Nightlife, Dive Bars","{'Monday': '15:0-3:0', 'Tuesday': '15:0-3:0', 'Wednesday': '15:0-3:0', 'Thursday': '15:0-3:0', 'Friday': '15:0-3:0', 'Saturday': '15:0-3:0', 'Sunday': '15:0-3:0'}"
rZw9O5lJ36m_mXeRKE4G9A,La Sponda,20 E Lancaster Ave,Downingtown,PA,19335,40.0062075104,-75.7044510304,4.5,29,1,"{'BusinessParking': ""{u'valet': False, u'garage': None, u'street': None, u'lot': True, u'validated': None}"", 'BestNights': ""{u'monday': False, u'tuesday': False, u'wednesday': False, u'thursday': False, u'friday': False, u'saturday': False, u'sunday': False}"", 'RestaurantsReservations': 'True', 'HappyHour': 'True', 'NoiseLevel': ""u'average'"", 'Ambience': ""{u'divey': False, u'hipster': False, u'casual': False, u'touristy': False, u'trendy': False, u'intimate': False, u'romantic': False, u'classy': True, u'upscale': False}"", 'RestaurantsGoodForGroups': 'True', 'WiFi': ""u'free'"", 'RestaurantsAttire': ""u'casual'"", 'OutdoorSeating': 'True', 'RestaurantsTableService': 'True', 'Alcohol': ""u'full_bar'"", 'RestaurantsPriceRange2': '2'}","Italian, Restaurants, Salad, Bars, Venues & Event Spaces, Wine Bars, Nightlife, Event Planning & Services","{'Tuesday': '11:30-21:0', 'Wednesday': '11:30-21:0', 'Thursday': '11:30-21:0', 'Friday': '11:30-22:0', 'Saturday': '11:30-22:0', 'Sunday': '11:30-21:0'}"
gRHd5bRosRWQBckzPawf-w,Blue Wren Studio,"1043 Virginia Ave, Ste 214",Indianapolis,IN,46203,39.752691,-86.140975,5.0,7,0,"{'ByAppointmentOnly': 'True', 'BusinessAcceptsCreditCards': 'True', 'RestaurantsPriceRange2': '2', 'GoodForKids': 'True', 'BusinessParking': ""{'garage': False, 'street': True, 'validated': False, 'lot': False, 'valet': False}"", 'BikeParking': 'True'}","Photography Stores & Services, Beauty & Spas, Hair Salons, Home & Garden, Art Galleries, Day Spas, Arts & Entertainment, Shopping",
kGjpBqAqG4mIuFSgU2KKEA,The Royal Indian Cuisine,272 S 20th St,Philadelphia,PA,19103,39.948365,-75.1744997,4.0,28,1,"{'DogsAllowed': 'False', 'HasTV': 'False', 'GoodForMeal': ""{'dessert': False, 'latenight': False, 'lunch': False, 'dinner': False, 'brunch': False, 'breakfast': False}"", 'Ambience': ""{'touristy': None, 'hipster': None, 'romantic': None, 'divey': None, 'intimate': True, 'trendy': None, 'upscale': None, 'classy': None, 'casual': None}"", 'BusinessAcceptsCreditCards': 'True', 'BusinessAcceptsBitcoin': 'False', 'WheelchairAccessible': 'False', 'BusinessParking': ""{'garage': False, 'street': True, 'validated': False, 'lot': False, 'valet': False}"", 'HappyHour': 'False', 'WiFi': ""u'no'"", 'RestaurantsReservations': 'True', 'OutdoorSeating': 'False', 'Caters': 'True', 'RestaurantsTableService': 'True', 'Alcohol': ""u'none'"", 'RestaurantsDelivery': 'True', 'RestaurantsTakeOut': 'True'}","Restaurants, Indian","{'Monday': '16:0-22:0', 'Wednesday': '11:0-22:0', 'Thursday': '11:0-22:0', 'Friday': '11:0-22:30', 'Saturday': '11:0-22:30', 'Sunday': '11:0-22:0'}"
fSCNwMtNNQY9QT69Cj9fiA,Sierra Pro Events,,Sparks,NV,89431,39.5401545,-119.7483949,5.0,7,1,"{'BusinessAcceptsCreditCards': 'True', 'WiFi': ""u'no'""}","Musicians, DJs, Karaoke, Event Planning & Services, Nightlife","{'Monday': '9:0-17:0', 'Tuesday': '9:0-17:0', 'Wednesday': '9:0-17:0', 'Thursday': '9:0-17:0', 'Friday': '9:0-17:0', 'Saturday': '9:0-17:0', 'Sunday': '9:0-17:0'}"
TCxvQgfBD6_JjOM3N1VPRA,High Ridge Family Diner,4560 Gravois Rd,High Ridge,MO,63049,38.4863979071,-90.5041513042,4.5,8,1,"{'RestaurantsDelivery': 'False', 'NoiseLevel': ""u'average'"", 'Ambience': ""{'touristy': False, 'hipster': False, 'romantic': False, 'divey': False, 'intimate': False, 'trendy': False, 'upscale': False, 'classy': True, 'casual': False}""}","Diners, Restaurants",
aNLr1j_3CZ46rqiUeLaQ-A,Chinatown Market Shoe Repair And Tailor,143 N 11th St,Philadelphia,PA,19107,39.955126798,-75.1574422458,5.0,23,0,{'BusinessAcceptsCreditCards': 'False'},"Shoe Repair, Sewing & Alterations, Local Services",
adb1hOYICrJ1Ix8M0sRpbw,Kuzina By Sofia,404 Rt 70 W,Cherry Hill,NJ,08034,39.9124556,-75.0022657,3.0,125,0,"{'BikeParking': 'False', 'GoodForKids': 'True', 'RestaurantsGoodForGroups': 'True', 'HasTV': 'False', 'BusinessParking': ""{'garage': False, 'street': False, 'validated': False, 'lot': True, 'valet': False}"", 'OutdoorSeating': 'True', 'Caters': 'True', 'Ambience': ""{'romantic': False, 'intimate': False, 'touristy': False, 'hipster': False, 'divey': False, 'classy': False, 'trendy': False, 'upscale': False, 'casual': True}"", 'RestaurantsReservations': 'True', 'RestaurantsPriceRange2': '2', 'WiFi': ""'no'"", 'RestaurantsDelivery': 'True', 'Alcohol': ""u'none'"", 'RestaurantsAttire': ""u'casual'"", 'NoiseLevel': ""u'average'"", 'RestaurantsTakeOut': 'True', 'BusinessAcceptsCreditCards': 'True'}","Restaurants, Food, Bakeries, Greek","{'Monday': '11:0-22:0', 'Tuesday': '11:0-22:0', 'Wednesday': '11:0-22:0', 'Thursday': '11:0-22:0', 'Friday': '11:0-23:0', 'Saturday': '11:0-23:0', 'Sunday': '11:0-22:0'}"
n7AQvGvNHlmun3kqXeBKVQ,Roy's Appliance Service,,Meridian,ID,83646,43.6434944,-116.4360004,5.0,5,1,{'BusinessAcceptsCreditCards': 'True'},"Local Services, Appliances & Repair","{'Monday': '0:0-0:0', 'Tuesday': '8:30-15:0', 'Wednesday': '8:30-15:0', 'Thursday': '8:30-15:0', 'Friday': '8:30-15:0'}"
dJfkfBbJz7wi0RgW-ph_Eg,Sake House,5106 E Fowler Ave,Tampa,FL,33617,28.055212,-82.399374,3.0,140,0,"{'BusinessAcceptsCreditCards': 'True', 'RestaurantsPriceRange2': '2', 'HasTV': 'True', 'RestaurantsGoodForGroups': 'True', 'OutdoorSeating': 'False', 'GoodForKids': 'True', 'WiFi': ""u'no'"", 'BusinessParking': ""{'garage': False, 'street': False, 'validated': False, 'lot': True, 'valet': False}"", 'RestaurantsTakeOut': 'True', 'Alcohol': ""u'full_bar'"", 'RestaurantsReservations': 'True', 'RestaurantsAttire': ""u'casual'"", 'RestaurantsDelivery': 'True', 'Caters': 'True', 'NoiseLevel': ""u'average'"", 'GoodForMeal': ""{'dessert': False, 'latenight': False, 'lunch': True, 'dinner': True, 'brunch': False, 'breakfast': False}"", 'BikeParking': 'True', 'Ambience': ""{'touristy': False, 'hipster': False, 'romantic': False, 'divey': False, 'intimate': True, 'trendy': False, 'upscale': False, 'classy': False, 'casual': True}"", 'HappyHour': 'True'}","Restaurants, Sushi Bars, Japanese","{'Monday': '11:0-23:0', 'Tuesday': '11:0-2:0', 'Wednesday': '11:0-2:0', 'Thursday': '11:0-2:0', 'Friday': '11:0-2:0', 'Saturday': '12:30-2:0', 'Sunday': '12:30-22:0'}"
eYxGFkxo6m3SYGVTh5m2nQ,Big Boyz Toyz Motorcycle Rentals,4158 E Grant Rd,Tucson,AZ,85712,32.2503237,-110.9036553,4.5,8,1,,"Towing, Hotels & Travel, Automotive, Motorcycle Rental, Motorcycle Gear, Shopping","{'Monday': '8:30-18:0', 'Tuesday': '8:30-18:0', 'Wednesday': '8:30-18:0', 'Thursday': '8:30-18:0', 'Friday': '8:30-18:0', 'Saturday': '9:0-16:0'}"
CPor0p2hvvHJJN4L0U_zEg,Ann Becnel Companion Dogs,6107 W End Blvd,New Orleans,LA,70124,30.0017108,-90.1146572,5.0,20,1,{'ByAppointmentOnly': 'True'},"Pet Services, Pets, Pet Training","{'Monday': '0:0-0:0', 'Tuesday': '9:0-17:0', 'Wednesday': '9:0-17:0', 'Thursday': '9:0-17:0', 'Friday': '9:0-17:0', 'Saturday': '9:0-17:0'}"
8zsUZsQtRPHYW4gD5puiqQ,Valley Cleaners,"10603 Stead Blvd, Ste 3",Reno,NV,89506,39.6260045,-119.8826598,4.0,16,0,"{'BusinessParking': ""{'garage': False, 'street': False, 'validated': False, 'lot': False, 'valet': False}"", 'RestaurantsPriceRange2': '2', 'BusinessAcceptsCreditCards': 'True', 'WiFi': ""u'no'""}","Dry Cleaning & Laundry, Local Services, Laundry Services",
TwIouh_gbW9TCSK3PhuPrg,T J Maxx,545 Cool Springs Blvd,Franklin,TN,37067,35.948462,-86.823777,3.0,28,1,"{'BusinessAcceptsCreditCards': 'True', 'BikeParking': 'False', 'RestaurantsPriceRange2': '2', 'BusinessParking': ""{'garage': False, 'street': False, 'validated': False, 'lot': False, 'valet': False}""}","Fashion, Shopping, Department Stores",
GILL0ZkvVXJaNQzYRXfMQw,Paris Parker Salon & Spa,4900 Prytania St,New Orleans,LA,70115,29.9244207343,-90.1079344048,4.0,119,1,"{'ByAppointmentOnly': 'True', 'BusinessParking': ""{'garage': False, 'street': True, 'validated': False, 'lot': False, 'valet': False}"", 'RestaurantsPriceRange2': '2', 'GoodForKids': 'True', 'BusinessAcceptsCreditCards': 'True', 'BikeParking': 'True', 'WiFi': ""u'free'""}","Hair Salons, Beauty & Spas, Nail Salons, Day Spas, Hair Removal, Waxing, Hair Extensions","{'Monday': '0:0-0:0', 'Tuesday': '8:0-20:0', 'Wednesday': '8:0-20:0', 'Thursday': '8:0-20:0', 'Friday': '8:0-20:0', 'Saturday': '8:0-20:0', 'Sunday': '9:0-18:0'}"
EYI8_RsZyfu8x6lYgvc-2w,ImmediaDent - Urgent Dental Care,"6150 E 82nd St, Ste 100",Indianapolis,IN,46250,39.905771308,-86.0607146613,2.0,22,0,"{'ByAppointmentOnly': 'False', 'BusinessAcceptsCreditCards': 'True', 'AcceptsInsurance': 'True'}","General Dentistry, Endodontists, Urgent Care, Dental Hygienists, Dentists, Health & Medical, Cosmetic Dentists, Periodontists","{'Monday': '9:0-21:0', 'Tuesday': '9:0-21:0', 'Wednesday': '9:0-21:0', 'Thursday': '9:0-21:0', 'Friday': '9:0-21:0', 'Saturday': '9:0-21:0', 'Sunday': '9:0-21:0'}"
Ir5Ts-NC7DDTL3XLizhV3g,City Center Park,415 Lincoln St,Greenwood,IN,46142,39.612805,-86.112796,5.0,12,1,"{'ByAppointmentOnly': 'False', 'BusinessAcceptsCreditCards': 'False', 'GoodForKids': 'True', 'BikeParking': 'True', 'BusinessParking': ""{'garage': True, 'street': False, 'validated': False, 'lot': True, 'valet': False}""}","Playgrounds, Kids Activities, Active Life, Parks, Basketball Courts",
0Xsmy6HtVVBlCbbMjRyzcg,Plaza Bowling,10418 118 Avenue NW,Edmonton,AB,T5G 0P7,53.570501,-113.500041,4.5,19,1,"{'BikeParking': 'True', 'BusinessParking': ""{'garage': False, 'street': True, 'validated': False, 'lot': False, 'valet': False}"", 'GoodForKids': 'True'}","Bowling, Active Life","{'Wednesday': '15:0-22:0', 'Thursday': '15:0-22:0', 'Friday': '15:0-23:0', 'Saturday': '12:0-23:0', 'Sunday': '13:0-19:0'}"
C43IEVBroD_3YiumPPLLdQ,Half Price Books,4709 E 82nd St,Indianapolis,IN,46250,39.9048037,-86.0898087,4.0,48,1,"{'RestaurantsPriceRange2': '1', 'BikeParking': 'False', 'BusinessParking': ""{'garage': False, 'street': False, 'validated': False, 'lot': True, 'valet': False}"", 'BusinessAcceptsCreditCards': 'True', 'DogsAllowed': 'False', 'RestaurantsDelivery': 'False', 'RestaurantsTakeOut': 'True'}","Books, Mags, Music & Video, Comic Books, Shopping, Bookstores","{'Monday': '10:0-20:0', 'Tuesday': '10:0-16:0', 'Wednesday': '10:0-20:0', 'Thursday': '10:0-20:0', 'Friday': '10:0-20:0', 'Saturday': '10:0-20:0', 'Sunday': '11:0-18:0'}"
Jov0PmO5g5lXGQyPiEZyXw,Colonial Frontiers,244 S Park Ave,Tucson,AZ,85719,32.218948,-110.956573,5.0,5,1,"{'BusinessParking': ""{'garage': False, 'street': True, 'validated': False, 'lot': False, 'valet': False}"", 'RestaurantsPriceRange2': '4', 'ByAppointmentOnly': 'False', 'BikeParking': 'True', 'BusinessAcceptsCreditCards': 'True'}","Shopping, Furniture Stores, Antiques, Home & Garden","{'Tuesday': '10:0-16:0', 'Wednesday': '10:0-16:0', 'Thursday': '10:0-16:0', 'Friday': '10:0-16:0', 'Saturday': '10:0-16:0'}"
ULReFPrCIDRbGKwP3ZsHwg,Eddie's Southtown Donuts,4701 S Kingshighway Blvd,Saint Louis,MO,63109,38.5857552,-90.2768425,4.5,55,1,"{'BusinessAcceptsCreditCards': 'True', 'BusinessParking': ""{'garage': False, 'street': False, 'validated': False, 'lot': True, 'valet': False}"", 'BikeParking': 'True', 'RestaurantsPriceRange2': '1', 'RestaurantsTakeOut': 'True', 'RestaurantsDelivery': 'True'}","Donuts, Food","{'Monday': '5:0-12:0', 'Tuesday': '5:0-12:0', 'Wednesday': '5:0-12:0', 'Thursday': '5:0-12:0', 'Friday': '5:0-13:0', 'Saturday': '5:0-13:0', 'Sunday': '5:0-13:0'}"
0vx-NZf-1Pimrrfk1rVO6w,Mungenast Lexus of St Louis,13700 Manchester Rd,Manchester,MO,63011,38.5951303,-90.478697,3.0,37,1,{'BusinessAcceptsCreditCards': 'True'},"Car Dealers, Auto Repair, Local Flavor, Automotive","{'Monday': '9:0-21:0', 'Tuesday': '9:0-18:0', 'Wednesday': '9:0-21:0', 'Thursday': '9:0-18:0', 'Friday': '9:0-21:0', 'Saturday': '9:0-18:0'}"
i_cFU5_dQexbjJA9rmf_WA,Marcie Blaine,108 S 13th St,Philadelphia,PA,19107,39.950036,-75.162158,3.5,8,1,"{'BusinessParking': ""{'garage': False, 'street': False, 'validated': False, 'lot': False, 'valet': False}"", 'RestaurantsPriceRange2': '3', 'BusinessAcceptsCreditCards': 'True', 'BikeParking': 'True'}","Desserts, Specialty Food, Food, Chocolatiers & Shops",
Mt1FB8hM4XTi3Tk4i0q5gQ,Nicola's Pizza,8 N Franklin St,Lambertville,NJ,08530,40.3664177,-74.9416785,4.0,54,1,"{'Alcohol': ""u'none'"", 'RestaurantsDelivery': 'True', 'GoodForKids': 'True', 'OutdoorSeating': 'True', 'BikeParking': 'True', 'BusinessParking': ""{'garage': False, 'street': False, 'validated': False, 'lot': True, 'valet': False}"", 'BusinessAcceptsCreditCards': 'True', 'RestaurantsReservations': 'False', 'RestaurantsAttire': ""'casual'"", 'NoiseLevel': ""u'average'"", 'RestaurantsTakeOut': 'True', 'Ambience': ""{'touristy': False, 'hipster': False, 'romantic': False, 'divey': False, 'intimate': False, 'trendy': False, 'upscale': False, 'classy': False, 'casual': False}"", 'RestaurantsPriceRange2': '1', 'WiFi': ""'no'"", 'GoodForMeal': ""{'dessert': False, 'latenight': False, 'lunch': True, 'dinner': True, 'brunch': False, 'breakfast': False}"", 'HasTV': 'True', 'RestaurantsGoodForGroups': 'True'}","Restaurants, Pizza, Salad","{'Monday': '11:0-20:30', 'Tuesday': '11:0-20:30', 'Wednesday': '11:0-20:30', 'Thursday': '11:0-20:30', 'Friday': '11:0-21:0', 'Saturday': '11:0-21:0', 'Sunday': '11:30-20:30'}"
LhpPSrulqVeTyJeK2xydvQ,Fresh Fruits & Salads,114 N 3rd St,Camden,NJ,08102,39.9466899,-75.123327,4.5,6,1,"{'BusinessParking': ""{'garage': False, 'street': True, 'validated': False, 'lot': False, 'valet': False}"", 'GoodForMeal': ""{'dessert': False, 'latenight': False, 'lunch': False, 'dinner': False, 'brunch': False, 'breakfast': False}"", 'Ambience': ""{'touristy': False, 'hipster': False, 'romantic': False, 'divey': False, 'intimate': False, 'trendy': False, 'upscale': False, 'classy': False, 'casual': False}"", 'HasTV': 'True'}","Juice Bars & Smoothies, Restaurants, Fruits & Veggies, Salad, Specialty Food, Food","{'Monday': '9:0-18:0', 'Tuesday': '9:0-18:0', 'Wednesday': '9:0-18:0', 'Thursday': '9:0-18:0', 'Friday': '9:0-18:0', 'Saturday': '9:0-18:0'}"
mjWvAkNqoA6Y5P03sDSzfA,Educational Outfitters,"3904 W Hillsborough Ave, Ste D",Tampa,FL,33614,27.9954501644,-82.5081187,2.0,10,1,"{'BusinessParking': ""{'garage': False, 'street': False, 'validated': False, 'lot': False, 'valet': False}"", 'BikeParking': 'True', 'BusinessAcceptsCreditCards': 'True'}","Uniforms, Shopping",
OB2RVcodqQ_mcJ8_3F2ELg,Porpoise Pub,8701 Seminole Blvd,Seminole,FL,33772,27.8518283,-82.7865319,3.5,6,0,"{'BusinessAcceptsCreditCards': 'True', 'GoodForKids': 'False', 'OutdoorSeating': 'True', 'BusinessParking': ""{'garage': False, 'street': False, 'validated': False, 'lot': False, 'valet': False}"", 'Alcohol': ""u'full_bar'"", 'HasTV': 'True', 'RestaurantsGoodForGroups': 'True', 'NoiseLevel': ""u'loud'"", 'Ambience': ""{'romantic': False, 'intimate': False, 'classy': False, 'hipster': False, 'divey': True, 'touristy': False, 'trendy': False, 'upscale': False, 'casual': False}"", 'RestaurantsPriceRange2': '1', 'BikeParking': 'True'}","Arts & Entertainment, Music Venues, Nightlife","{'Monday': '11:0-0:0', 'Tuesday': '11:0-0:0', 'Wednesday': '11:0-2:0', 'Thursday': '11:0-2:0', 'Friday': '11:0-3:0', 'Saturday': '11:0-3:0', 'Sunday': '8:0-0:0'}"
